{"cameraMode":{"drawMode":0,"name":"Shaded","section":"Shading Mode"},"sceneLighting":false,"audioPlay":false,"sceneViewState":{"showFog":true,"showMaterialUpdate":false,"showSkybox":true,"showFlares":true,"showImageEffects":true,"showParticleSystems":true},"in2DMode":false,"pivot":{"x":-0.10184817761182785,"y":5.025260925292969,"z":-8.912439346313477},"rotation":{"x":0.2410164475440979,"y":0.4981955587863922,"z":-0.14644375443458558,"w":0.8199186325073242},"size":13.9694185256958,"orthographic":false}